nagrajenec,država
Jacobus Henricus van 't Hoff,Netherlands
Sully Prudhomme,France
Henri Dunant,Switzerland
Frédéric Passy,France
Wilhelm Conrad Röntgen,Germany
Emil von Behring,Germany
Emil Fischer,Germany
Theodor Mommsen,Germany
Élie Ducommun,Switzerland
Charles-Albert Gobat,Switzerland
Hendrik Antoon Lorentz,Netherlands
Pieter Zeeman,Netherlands
Sir Ronald Ross,United Kingdom
Svante Arrhenius,Sweden
Bjørnstjerne Martinius Bjørnson,Norway
Sir Randal Cremer,United Kingdom
Henri Becquerel,France
Marie Curie,France
Pierre Curie,France
Niels Ryberg Finsen,Denmark
Sir William Ramsay,United Kingdom
José Echegaray y Eizaguirre,Spain
Frédéric Mistral,France
Institute of International Law,(founded 1873)
Lord Rayleigh,United Kingdom
Ivan Pavlov,Russia
Adolf von Baeyer,Germany
Henryk Sienkiewicz,Poland
"Bertha, baroness von Suttner",Austria
Philipp Lenard,Germany
Robert Koch,Germany
Henri Moissan,France
Giosuè Carducci,Italy
Theodore Roosevelt,United States
Sir J.J. Thomson,United Kingdom
Camillo Golgi,Italy
Santiago Ramón y Cajal,Spain
Eduard Buchner,Germany
Rudyard Kipling,United Kingdom
Ernesto Teodoro Moneta,Italy
Louis Renault,France
A.A. Michelson,United States
Alphonse Laveran,France
Ernest Rutherford,United Kingdom
Rudolf Christoph Eucken,Germany
Klas Pontus Arnoldson,Sweden
Fredrik Bajer,Denmark
Gabriel Lippmann,France
Paul Ehrlich,Germany
Élie Metchnikoff,Russia
Wilhelm Ostwald,Germany
Selma Lagerlöf,Sweden
Auguste-Marie-François Beernaert,Belgium
Paul-H.-B. d'Estournelles de Constant,France
Ferdinand Braun,Germany
Guglielmo Marconi,Italy
Emil Theodor Kocher,Switzerland
Otto Wallach,Germany
Paul Johann Ludwig von Heyse,Germany
International Peace Bureau,(founded 1891)
Johannes Diederik van der Waals,Netherlands
Albrecht Kossel,Germany
Maurice Maeterlinck,Belgium
Tobias Michael Carel Asser,Netherlands
Alfred Hermann Fried,Austria
Wilhelm Wien,Germany
Allvar Gullstrand,Sweden
Victor Grignard,France
Paul Sabatier,France
Gerhart Hauptmann,Germany
Elihu Root,United States
Nils Dalén,Sweden
Alexis Carrel,France
Alfred Werner,Switzerland
Rabindranath Tagore,India
Henri-Marie Lafontaine,Belgium
Heike Kamerlingh Onnes,Netherlands
Charles Richet,France
Theodore William Richards,United States
Max von Laue,Germany
Robert Bárány,Austria
Richard Willstätter,Germany
Romain Rolland,France
Sir Lawrence Bragg,United Kingdom
Sir William Bragg,United Kingdom
Verner von Heidenstam,Sweden
Karl Adolph Gjellerup,Denmark
Henrik Pontoppidan,Denmark
International Committee of the Red Cross,(founded 1863)
Charles Glover Barkla,United Kingdom
Fritz Haber,Germany
Erik Axel Karlfeldt,Sweden
Max Planck,Germany
Carl Spitteler,Switzerland
Woodrow Wilson,United States
Johannes Stark,Germany
Jules Bordet,Belgium
Walther Hermann Nernst,Germany
Knut Hamsun,Norway
Léon Bourgeois,France
Charles Édouard Guillaume,Switzerland
August Krogh,Denmark
Frederick Soddy,United Kingdom
Anatole France,France
Karl Hjalmar Branting,Sweden
Christian Lous Lange,Norway
Albert Einstein,Switzerland
Francis William Aston,United Kingdom
Jacinto Benavente y Martínez,Spain
Fridtjof Nansen,Norway
Niels Bohr,Denmark
A.V. Hill,United Kingdom
Otto Meyerhof,Germany
Fritz Pregl,Austria
William Butler Yeats,Ireland
Robert Andrews Millikan,United States
Sir Frederick Grant Banting,Canada
J.J.R. Macleod,United Kingdom
Władysław Stanisław Reymont,Poland
Karl Manne Georg Siegbahn,Sweden
Willem Einthoven,Netherlands
Richard Zsigmondy,Austria
George Bernard Shaw,Ireland
Sir Austen Chamberlain,United Kingdom
Charles G. Dawes,United States
James Franck,Germany
Gustav Hertz,Germany
Theodor H.E. Svedberg,Sweden
Grazia Deledda,Italy
Aristide Briand,France
Gustav Stresemann,Germany
Jean Perrin,France
Johannes Fibiger,Denmark
Heinrich Otto Wieland,Germany
Henri Bergson,France
Ferdinand-Édouard Buisson,France
Ludwig Quidde,Germany
Arthur Holly Compton,United States
C.T.R. Wilson,United Kingdom
Julius Wagner-Jauregg,Austria
Adolf Windaus,Germany
Sigrid Undset,Norway
Sir Owen Willans Richardson,United Kingdom
Charles-Jules-Henri Nicolle,France
Hans von Euler-Chelpin,Sweden
Sir Arthur Harden,United Kingdom
Thomas Mann,Germany
Frank B. Kellogg,United States
Louis de Broglie,France
Christiaan Eijkman,Netherlands
Sir Frederick Gowland Hopkins,United Kingdom
Hans Fischer,Germany
Sinclair Lewis,United States
Nathan Söderblom,Sweden
Sir Chandrasekhara Venkata Raman,India
Karl Landsteiner,United States
Friedrich Bergius,Germany
Carl Bosch,Germany
Jane Addams,United States
Nicholas Murray Butler,United States
Otto Warburg,Germany
Irving Langmuir,United States
John Galsworthy,United Kingdom
Werner Heisenberg,Germany
"Edgar Douglas Adrian, 1st Baron Adrian",United Kingdom
Sir Charles Scott Sherrington,United Kingdom
Ivan Bunin,Russia
Sir Norman Angell,United Kingdom
P.A.M. Dirac,United Kingdom
Erwin Schrödinger,Austria
Thomas Hunt Morgan,United States
Harold C. Urey,United States
Luigi Pirandello,Italy
Arthur Henderson,United Kingdom
George Richards Minot,United States
William P. Murphy,United States
George H. Whipple,United States
Frédéric and Irène Joliot-Curie,France
Carl von Ossietzky,Germany
Sir James Chadwick,United Kingdom
Hans Spemann,Germany
Peter Debye,Netherlands
Eugene O'Neill,United States
Carlos Saavedra Lamas,Argentina
Carl David Anderson,United States
Victor Francis Hess,Austria
Sir Henry Dale,United Kingdom
Otto Loewi,Germany
Sir Norman Haworth,United Kingdom
Paul Karrer,Switzerland
Roger Martin du Gard,France
"Robert Gascoyne-Cecil, 1st Viscount Cecil",United Kingdom
Clinton Joseph Davisson,United States
Sir George Paget Thomson,United Kingdom
Albert Szent-Györgyi,Hungary
Richard Kuhn,Germany
Pearl Buck,United States
Nansen International Office for Refugees,(founded 1931)
Enrico Fermi,Italy
Corneille Heymans,Belgium
Adolf Butenandt,Germany
Leopold Ruzicka,Switzerland
Frans Eemil Sillanpää,Finland
Ernest Orlando Lawrence,United States
Gerhard Domagk,Germany
Georg Charles von Hevesy,Hungary
Otto Stern,United States
Henrik Dam,Denmark
Edward Adelbert Doisy,United States
Otto Hahn,Germany
Johannes V. Jensen,Denmark
Isidor Isaac Rabi,United States
Joseph Erlanger,United States
Herbert Spencer Gasser,United States
Artturi Ilmari Virtanen,Finland
Gabriela Mistral,Chile
Cordell Hull,United States
Wolfgang Pauli,Austria
Sir Ernst Boris Chain,United Kingdom
Sir Alexander Fleming,United Kingdom
"Howard Walter Florey, Baron Florey",Australia
John Howard Northrop,United States
Wendell Meredith Stanley,United States
James Batcheller Sumner,United States
Hermann Hesse,Switzerland
Emily Greene Balch,United States
John R. Mott,United States
Percy Williams Bridgman,United States
Hermann Joseph Muller,United States
Sir Robert Robinson,United Kingdom
André Gide,France
American Friends Service Committee,United States
Friends Service Council (FSC),United Kingdom
Sir Edward Victor Appleton,United Kingdom
Carl and Gerty Cori,United States
Bernardo Alberto Houssay,Argentina
Arne Tiselius,Sweden
T.S. Eliot,United Kingdom
Patrick M.S. Blackett,United Kingdom
Paul Hermann Müller,Switzerland
William Francis Giauque,United States
William Faulkner,United States
"John Boyd Orr, Baron Boyd-Orr of Brechin Mearns",United Kingdom
Yukawa Hideki,Japan
António Egas Moniz,Portugal
Walter Rudolf Hess,Switzerland
Kurt Alder,West Germany
Otto Paul Hermann Diels,West Germany
Bertrand Russell,United Kingdom
Ralph Bunche,United States
Cecil Frank Powell,United Kingdom
Philip Showalter Hench,United States
Edward Calvin Kendall,United States
Tadeus Reichstein,Switzerland
Edwin Mattison McMillan,United States
Glenn T. Seaborg,United States
Pär Lagerkvist,Sweden
Léon Jouhaux,France
Sir John Douglas Cockcroft,United Kingdom
Ernest Thomas Sinton Walton,Ireland
Max Theiler,South Africa
A.J.P. Martin,United Kingdom
R.L.M. Synge,United Kingdom
François Mauriac,France
Albert Schweitzer,Alsace
Felix Bloch,United States
E.M. Purcell,United States
Selman Abraham Waksman,United States
Hermann Staudinger,West Germany
Sir Winston Churchill,United Kingdom
George C. Marshall,United States
Frits Zernike,Netherlands
Sir Hans Adolf Krebs,United Kingdom
Fritz Albert Lipmann,United States
Linus Pauling,United States
Ernest Hemingway,United States
Office of the United Nations High Commissioner for Refugees,(founded 1951)
Max Born,United Kingdom
Walther Bothe,West Germany
John Franklin Enders,United States
Frederick Chapman Robbins,United States
Thomas H. Weller,United States
Vincent du Vigneaud,United States
Halldór Laxness,Iceland
Polykarp Kusch,United States
"Willis Eugene Lamb, Jr.",United States
Axel Hugo Teodor Theorell,Sweden
Sir Cyril Norman Hinshelwood,United Kingdom
Nikolay Nikolayevich Semyonov,Russia
Juan Ramón Jiménez,Spain
John Bardeen,United States
Walter H. Brattain,United States
William B. Shockley,United States
André F. Cournand,United States
Werner Forssmann,West Germany
Dickinson Woodruff Richards,United States
"Alexander Robertus Todd, Baron Todd",United Kingdom
Albert Camus,France
Lester B. Pearson,Canada
Tsung-Dao Lee,China
Chen Ning Yang,China
Daniel Bovet,Italy
Frederick Sanger,United Kingdom
Boris Leonidovich Pasternak,Russia
Dominique Pire,Belgium
Pavel Alekseyevich Cherenkov,Russia
Ilya Mikhaylovich Frank,Russia
Igor Yevgenyevich Tamm,Russia
George Wells Beadle,United States
Joshua Lederberg,United States
Edward L. Tatum,United States
Jaroslav Heyrovský,Czech Republic (Czechia)
Salvatore Quasimodo,Italy
"Philip John Noel-Baker, Baron Noel-Baker",United Kingdom
Owen Chamberlain,United States
Emilio Segrè,United States
Arthur Kornberg,United States
Severo Ochoa,United States
Willard Frank Libby,United States
Saint-John Perse,France
Albert John Luthuli,South Africa
Donald A. Glaser,United States
Sir Macfarlane Burnet,Australia
Sir Peter B. Medawar,United Kingdom
Melvin Calvin,United States
Ivo Andric,Yugoslavia
Dag Hammarskjöld,Sweden
Robert Hofstadter,United States
Rudolf Ludwig Mössbauer,West Germany
Georg von Békésy,United States
Sir John Cowdery Kendrew,United Kingdom
Max Ferdinand Perutz,United Kingdom
John Steinbeck,United States
Lev Davidovich Landau,Russia
Francis Harry Compton Crick,United Kingdom
James Dewey Watson,United States
Maurice Wilkins,United Kingdom
Giulio Natta,Italy
Karl Ziegler,West Germany
George Seferis,Greece
League of Red Cross Societies,
J. Hans D. Jensen,West Germany
Maria Goeppert Mayer,United States
Eugene Paul Wigner,United States
Sir John Carew Eccles,Australia
Sir Alan Hodgkin,United Kingdom
Sir Andrew Fielding Huxley,United Kingdom
Dorothy Mary Crowfoot Hodgkin,United Kingdom
Jean-Paul Sartre,France
"Martin Luther King, Jr.",United States
Nikolay Gennadiyevich Basov,Russia
Aleksandr Mikhaylovich Prokhorov,Russia
Charles Hard Townes,United States
Konrad Bloch,United States
Feodor Lynen,West Germany
R.B. Woodward,United States
Mikhail Aleksandrovich Sholokhov,Russia
United Nations Children's Fund,(founded 1946)
Richard P. Feynman,United States
Julian Seymour Schwinger,United States
Tomonaga Shin'ichiro,Japan
François Jacob,France
André Lwoff,France
Jacques Monod,France
Robert Sanderson Mulliken,United States
S.Y. Agnon,Israel
Nelly Sachs,Sweden
Alfred Kastler,France
Charles B. Huggins,United States
Peyton Rous,United States
Manfred Eigen,West Germany
Ronald George Wreyford Norrish,United Kingdom
Sir George Porter,United Kingdom
Miguel Ángel Asturias,Guatemala
Hans Bethe,United States
Ragnar Arthur Granit,Sweden
Haldan Keffer Hartline,United States
George Wald,United States
Lars Onsager,United States
Kawabata Yasunari,Japan
René Cassin,France
Luis W. Alvarez,United States
Robert William Holley,United States
Har Gobind Khorana,United States
Marshall William Nirenberg,United States
Sir Derek H.R. Barton,United Kingdom
Odd Hassel,Norway
Ragnar Frisch,Norway
Jan Tinbergen,Netherlands
Samuel Beckett,Ireland
International Labour Organisation,(founded 1919)
Murray Gell-Mann,United States
Max Delbrück,United States
A.D. Hershey,United States
Salvador Luria,United States
Luis Federico Leloir,Argentina
Paul Samuelson,United States
Aleksandr Isayevich Solzhenitsyn,Russia
Norman Ernest Borlaug,United States
Hannes Alfvén,Sweden
Louis-Eugène-Félix Néel,France
Julius Axelrod,United States
Ulf von Euler,Sweden
Sir Bernard Katz,United Kingdom
Gerhard Herzberg,Canada
Simon Kuznets,United States
Pablo Neruda,Chile
Willy Brandt,West Germany
Dennis Gabor,United Kingdom
"Earl W. Sutherland, Jr.",United States
Christian B. Anfinsen,United States
Stanford Moore,United States
William H. Stein,United States
Kenneth J. Arrow,United States
Sir John R. Hicks,United Kingdom
Heinrich Böll,West Germany
Leon N. Cooper,United States
John Robert Schrieffer,United States
Gerald Maurice Edelman,United States
Rodney Robert Porter,United Kingdom
Ernst Otto Fischer,West Germany
Sir Geoffrey Wilkinson,United Kingdom
Wassily Leontief,United States
Patrick White,Australia
Henry A. Kissinger,United States
Le Duc Tho,North Vietnam
Leo Esaki,Japan
Ivar Giaever,United States
Brian D. Josephson,United Kingdom
Karl von Frisch,Austria
Konrad Lorenz,Austria
Nikolaas Tinbergen,United Kingdom
Paul J. Flory,United States
Friedrich von Hayek,United Kingdom
Gunnar Myrdal,Sweden
Eyvind Johnson,Sweden
Harry Martinson,Sweden
Seán MacBride,Ireland
Sato Eisaku,Japan
Antony Hewish,United Kingdom
Sir Martin Ryle,United Kingdom
Albert Claude,United States
Christian René de Duve,Belgium
George E. Palade,United States
Sir John Warcup Cornforth,United Kingdom
Vladimir Prelog,Switzerland
Leonid Vitalyevich Kantorovich,Russia
Tjalling C. Koopmans,United States
Eugenio Montale,Italy
Andrey Dmitriyevich Sakharov,Russia
Aage N. Bohr,Denmark
Ben R. Mottelson,Denmark
James Rainwater,United States
David Baltimore,United States
Renato Dulbecco,United States
Howard Martin Temin,United States
"William Nunn Lipscomb, Jr.",United States
Milton Friedman,United States
Saul Bellow,United States
Mairéad Corrigan,Northern Ireland
Betty Williams,Northern Ireland
Burton Richter,United States
Samuel C.C. Ting,United States
Baruch S. Blumberg,United States
D. Carleton Gajdusek,United States
Ilya Prigogine,Belgium
James Edward Meade,United Kingdom
Bertil Ohlin,Sweden
Vicente Aleixandre,Spain
Amnesty International,(founded 1961)
Philip W. Anderson,United States
Sir Nevill F. Mott,United Kingdom
John H. Van Vleck,United States
Roger Charles Louis Guillemin,United States
Andrew Victor Schally,United States
Rosalyn S. Yalow,United States
Peter Dennis Mitchell,United Kingdom
Herbert Alexander Simon,United States
Isaac Bashevis Singer,United States
Menachem Begin,Israel
Anwar el-Sadat,Egypt
Pyotr Leonidovich Kapitsa,Russia
Arno Penzias,United States
Robert Woodrow Wilson,United States
Werner Arber,Switzerland
Daniel Nathans,United States
Hamilton Othanel Smith,United States
Herbert Charles Brown,United States
Georg Wittig,West Germany
Sir Arthur Lewis,United Kingdom
Theodore William Schultz,United States
Odysseus Elytis,Greece
Mother Teresa,India
Sheldon Lee Glashow,United States
Abdus Salam,Pakistan
Steven Weinberg,United States
Allan MacLeod Cormack,United States
Sir Godfrey Newbold Hounsfield,United Kingdom
Paul Berg,United States
Walter Gilbert,United States
Lawrence Robert Klein,United States
Czesław Miłosz,United States
Adolfo Pérez Esquivel,Argentina
James Watson Cronin,United States
Val Logsdon Fitch,United States
Baruj Benacerraf,United States
Jean-Baptiste-Gabriel-Joachim Dausset,France
George Davis Snell,United States
Fukui Kenichi,Japan
Roald Hoffmann,United States
James Tobin,United States
Elias Canetti,Bulgaria
Nicolaas Bloembergen,United States
Arthur Leonard Schawlow,United States
Kai Manne Börje Siegbahn,Sweden
David Hunter Hubel,United States
Roger Wolcott Sperry,United States
Torsten Nils Wiesel,Sweden
Aaron Klug,United Kingdom
George J. Stigler,United States
Gabriel García Márquez,Colombia
Alfonso García Robles,Mexico
Alva Myrdal,Sweden
Kenneth Geddes Wilson,United States
Sune K. Bergström,Sweden
Bengt Ingemar Samuelsson,Sweden
John Robert Vane,United Kingdom
Henry Taube,United States
Gerard Debreu,United States
Sir William Golding,United Kingdom
Lech Wałęsa,Poland
Subrahmanyan Chandrasekhar,United States
William A. Fowler,United States
Barbara McClintock,United States
Bruce Merrifield,United States
Sir Richard Stone,United Kingdom
Jaroslav Seifert,Czech Republic (Czechia)
Desmond Tutu,South Africa
Simon van der Meer,Netherlands
Carlo Rubbia,Italy
Niels K. Jerne,United Kingdom
Georges J.F. Köhler,West Germany
César Milstein,Argentina
Herbert A. Hauptman,United States
Jerome Karle,United States
Franco Modigliani,United States
Claude Simon,France
International Physicians for the Prevention of Nuclear War,(founded 1980)
Klaus von Klitzing,West Germany
Michael S. Brown,United States
Joseph L. Goldstein,United States
Dudley R. Herschbach,United States
Yuan T. Lee,United States
John C. Polanyi,Canada
James M. Buchanan,United States
Wole Soyinka,Nigeria
Elie Wiesel,United States
Gerd Binnig,West Germany
Heinrich Rohrer,Switzerland
Ernst Ruska,West Germany
Stanley Cohen,United States
Rita Levi-Montalcini,Italy
Donald J. Cram,United States
Jean-Marie Lehn,France
Charles J. Pedersen,United States
Robert Merton Solow,United States
Joseph Brodsky,United States
Oscar Arias Sánchez,Costa Rica
J. Georg Bednorz,West Germany
Karl Alex Müller,Switzerland
Tonegawa Susumu,Japan
Johann Deisenhofer,West Germany
Robert Huber,West Germany
Hartmut Michel,West Germany
Maurice Allais,France
Naguib Mahfouz,Egypt
United Nations Peacekeeping Forces,
Leon Max Lederman,United States
Melvin Schwartz,United States
Jack Steinberger,United States
Sir James Black,United Kingdom
Gertrude Belle Elion,United States
George Herbert Hitchings,United States
Sidney Altman,United States
Thomas Robert Cech,United States
Trygve Haavelmo,Norway
Camilo José Cela,Spain
Dalai Lama,Tibet
Hans Georg Dehmelt,United States
Wolfgang Paul,West Germany
Norman Foster Ramsey,United States
J. Michael Bishop,United States
Harold Varmus,United States
Elias James Corey,United States
Harry M. Markowitz,United States
Merton H. Miller,United States
William F. Sharpe,United States
Octavio Paz,Mexico
Mikhail Gorbachev,Russia
Jerome Isaac Friedman,United States
Henry Way Kendall,United States
Richard E. Taylor,Canada
Joseph E. Murray,United States
E. Donnall Thomas,United States
Richard R. Ernst,Switzerland
Ronald Coase,United States
Nadine Gordimer,South Africa
Aung San Suu Kyi,Myanmar
Pierre-Gilles de Gennes,France
Erwin Neher,Germany
Bert Sakmann,Germany
Rudolph A. Marcus,United States
Gary S. Becker,United States
Derek Walcott,St. Lucia
Rigoberta Menchú,Guatemala
Georges Charpak,France
Edmond H. Fischer,United States
Edwin Gerhard Krebs,United States
Kary B. Mullis,United States
Michael Smith,Canada
Robert William Fogel,United States
Douglass C. North,United States
Toni Morrison,United States
F.W. de Klerk,South Africa
Nelson Mandela,South Africa
Russell Alan Hulse,United States
"Joseph H. Taylor, Jr.",United States
Richard J. Roberts,United Kingdom
Phillip A. Sharp,United States
George A. Olah,United States
John C. Harsanyi,United States
John F. Nash,United States
Reinhard Selten,Germany
Oe Kenzaburo,Japan
Yasser Arafat,Palestinian
Shimon Peres,Israel
Yitzhak Rabin,Israel
Bertram N. Brockhouse,Canada
Clifford G. Shull,United States
Alfred G. Gilman,United States
Martin Rodbell,United States
Paul Crutzen,Netherlands
Mario Molina,United States
F. Sherwood Rowland,United States
"Robert E. Lucas, Jr.",United States
Seamus Heaney,Ireland
Pugwash Conferences,(founded 1957)
Joseph Rotblat,United Kingdom
Martin Lewis Perl,United States
Frederick Reines,United States
Edward B. Lewis,United States
Christiane Nüsslein-Volhard,Germany
Eric F. Wieschaus,United States
"Robert F. Curl, Jr.",United States
Sir Harold W. Kroto,United Kingdom
Richard E. Smalley,United States
James A. Mirrlees,United Kingdom
William Vickrey,United States
Wisława Szymborska,Poland
Carlos Felipe Ximenes Belo,Timorese
José Ramos-Horta,Timorese
David M. Lee,United States
Douglas D. Osheroff,United States
Robert C. Richardson,United States
Peter C. Doherty,Australia
Rolf M. Zinkernagel,Switzerland
Paul D. Boyer,United States
Jens C. Skou,Denmark
John E. Walker,United Kingdom
Robert C. Merton,United States
Myron S. Scholes,United States
Dario Fo,Italy
International Campaign to Ban Landmines,(founded 1992)
Jody Williams,United States
Steven Chu,United States
Claude Cohen-Tannoudji,France
William D. Phillips,United States
Stanley B. Prusiner,United States
Walter Kohn,United States
John A. Pople,United Kingdom
Amartya Sen,India
José Saramago,Portugal
John Hume,Northern Ireland
David Trimble,Northern Ireland
Robert B. Laughlin,United States
Horst L. Störmer,United States
Daniel C. Tsui,United States
Robert F. Furchgott,United States
Louis J. Ignarro,United States
Ferid Murad,United States
Ahmed H. Zewail,Egypt
Robert A. Mundell,Canada
Günter Grass,Germany
Doctors Without Borders,(founded 1971)
Gerardus 't Hooft,Netherlands
Martinus J.G. Veltman,Netherlands
Günter Blobel,United States
Alan J. Heeger,United States
Alan G. MacDiarmid,United States
Shirakawa Hideki,Japan
James J. Heckman,United States
Daniel L. McFadden,United States
Gao Xingjian,France
Kim Dae-Jung,South Korea
Zhores I. Alferov,Russia
Jack S. Kilby,United States
Herbert Kroemer,Germany
Arvid Carlsson,Sweden
Paul Greengard,United States
Eric R. Kandel,United States
William S. Knowles,United States
Noyori Ryoji,Japan
K. Barry Sharpless,United States
George A. Akerlof,United States
A. Michael Spence,United States
Joseph E. Stiglitz,United States
Sir V.S. Naipaul,Trinidad
United Nations,(founded 1945)
Kofi Annan,Ghana
Eric A. Cornell,United States
Wolfgang Ketterle,Germany
Carl E. Wieman,United States
Leland H. Hartwell,United States
R. Timothy Hunt,United Kingdom
Sir Paul M. Nurse,United Kingdom
John B. Fenn,United States
Tanaka Koichi,Japan
Kurt Wüthrich,Switzerland
Daniel Kahneman,United States
Vernon L. Smith,United States
Imre Kertész,Hungary
Jimmy Carter,United States
"Raymond Davis, Jr.",United States
Riccardo Giacconi,United States
Koshiba Masatoshi,Japan
Sydney Brenner,United Kingdom
H. Robert Horvitz,United States
John E. Sulston,United Kingdom
Peter Agre,United States
Roderick MacKinnon,United States
Robert F. Engle,United States
Clive W.J. Granger,United Kingdom
J.M. Coetzee,South Africa
Shirin Ebadi,Iran
Alexei A. Abrikosov,United States
Vitaly L. Ginzburg,Russia
Anthony J. Leggett,United States
Paul Lauterbur,United States
Sir Peter Mansfield,United Kingdom
Aaron Ciechanover,Israel
Avram Hershko,Israel
Irwin Rose,United States
Finn E. Kydland,Norway
Edward C. Prescott,United States
Elfriede Jelinek,Austria
Wangari Maathi,Kenya
David J. Gross,United States
H. David Politzer,United States
Frank Wilczek,United States
Richard Axel,United States
Linda B. Buck,United States
Yves Chauvin,France
Robert H. Grubbs,United States
Richard R. Schrock,United States
Robert J. Aumann,Israel
Thomas C. Schelling,United States
Harold Pinter,United Kingdom
Mohamed ElBaradei,Egypt
International Atomic Energy Agency,(founded 1957)
Roy J. Glauber,United States
John L. Hall,United States
Theodor W. Hänsch,Germany
Barry J. Marshall,Australia
J. Robin Warren,Australia
Roger D. Kornberg,United States
Edmund S. Phelps,United States
Orhan Pamuk,Turkey
Grameen Bank,(founded 1976)
Muhammad Yunus,Bangladesh
John C. Mather,United States
George F. Smoot,United States
Andrew Z. Fire,United States
Craig C. Mello,United States
Gerhard Ertl,Germany
Leonid Hurwicz,United States
Eric S. Maskin,United States
Roger B. Myerson,United States
Doris Lessing,United States
Al Gore,United States
Intergovernmental Panel on Climate Change,(founded 1988)
Albert Fert,France
Peter Grünberg,Germany
Mario R. Capecchi,United States
Sir Martin J. Evans,United Kingdom
Oliver Smithies,United States
Martin Chalfie,United States
Osamu Shimomura,United States
Roger Y. Tsien,United States
Paul Krugman,United States
Jean-Marie Gustave Le Clézio,France
Martti Ahtisaari,Finland
Kobayashi Makoto,Japan
Maskawa Toshihide,Japan
Yoichiro Nambu,United States
Françoise Barré-Sinoussi,France
Luc Montagnier,France
Harald zur Hausen,Germany
Venkatraman Ramakrishnan,United States
Thomas Steitz,United States
Ada Yonath,Israel
Elinor Ostrom,United States
Oliver E. Williamson,United States
Herta Müller,Germany
Barack Obama,United States
Willard Boyle,Canada
Charles Kao,United Kingdom
George E. Smith,United States
Elizabeth H. Blackburn,United States
Carol W. Greider,United States
Jack W. Szostak,United States
Richard F. Heck,United States
Negishi Ei-ichi,Japan
Suzmediuki Akira,Japan
Peter A. Diamond,United States
Dale T. Mortensen,United States
Christopher A. Pissarides,Cyprus
Mario Vargas Llosa,Peru
Liu Xiaobo,China
Andre Geim,Netherlands
Konstantin Novoselov,Russia
Robert Edwards,United Kingdom
Daniel Shechtman,Israel
Thomas J. Sargent,United States
Christopher A. Sims,United States
Tomas Tranströmer,Sweden
Leymah Gbowee,Liberia
Ellen Johnson Sirleaf,Liberia
Tawakkul Karmān,Yemen
Saul Perlmutter,United States
Adam G. Riess,United States
Brian P. Schmidt,United States
Bruce A. Beutler,United States
Jules A. Hoffman,Luxembourg
Ralph M. Steinman,Canada
Brian K. Kobilka,United States
Robert J. Lefkowitz,United States
Alvin E. Roth,United States
Lloyd S. Shapley,United States
Mo Yan,China
European Union,(founded 1993)
Serge Haroche,France
David J. Wineland,United States
Sir John Bertrand Gurdon,United Kingdom
Shinya Yamanaka,Japan
Martin Karplus,Austria
Michael Levitt,United Kingdom
Arieh Warshel,Israel
Eugene F. Fama,United States
Lars P. Hansen,United States
Robert J. Shiller,United States
Alice Munro,Canada
François Englert,Belgium
Peter Higgs,United Kingdom
James E. Rothman,United States
Randy W. Schekman,United States
Thomas C. Südhof,Germany
Eric Betzig,United States
Stefan W. Hell,Germany
William E. Moerner,United States
Jean Tirole,France
Patrick Modiano,France
Kailash Satyarthi,India
Malala Yousafzai,Pakistan
Akasaki Isamu,Japan
Amano Hiroshi,Japan
Shuji Nakamura,United States
Edvard I. Moser,Norway
May-Britt Moser,Norway
John O'Keefe,United States
Tomas Lindahl,Sweden
Paul Modrich,United States
Aziz Sancar,Turkey
Angus S. Deaton,United Kingdom
Svetlana Alexievich,Belarus
National Dialogue Quartet,(founded 2013)
Kajita Takaaki,Japan
Arthur B. McDonald,Canada
William C. Campbell,Ireland
Ōmura Satoshi,Japan
Tu Youyou,China
Jean-Pierre Sauvage,France
J. Fraser Stoddart,United Kingdom
Bernard Feringa,Netherlands
Oliver Hart,United Kingdom
Bengt Holmström,Finland
Bob Dylan,United States
Juan Manuel Santos,Colombia
David Thouless,United Kingdom
Duncan Haldane,United Kingdom
Michael Kosterlitz,United Kingdom
Yoshinori Ohsumi,Japan
Jacques Dubochet,Switzerland
Joachim Frank,Germany
Richard Henderson,United Kingdom
Richard H. Thaler,United States
Kazuo Ishiguro,United Kingdom
International Campaign to Abolish Nuclear Weapons,(founded 2007)
Barry C. Barish,United States
Kip S. Thorne,United States
Rainer Weiss,United States
Jeffrey C. Hall,United States
Michael Rosbash,United States
Michael W. Young,United States
Frances Arnold,United States
George P. Smith,United States
Gregory P. Winter,United Kingdom
William Nordhaus,United States
Paul Romer,United States
Olga Tokarczuk,Poland
Denis Mukwege,Democratic Republic of the Congo
Nadia Murad,Iraq
Arthur Ashkin,United States
Gérard Mourou,France
Donna Strickland,Canada
James P. Allison,United States
Tasuku Honjo,Japan
John B. Goodenough,United States
M. Stanley Whittingham,United Kingdom
Yoshino Akira,Japan
Abhijit Banerjee,United States
Esther Duflo,France
Michael Kremer,United States
Peter Handke,Austria
Abiy Ahmed,Ethiopia
James Peebles,Canada
Michel Mayor,Switzerland
Didier Queloz,Switzerland
"William G. Kaelin, Jr.",United States
Peter J. Ratcliffe,United Kingdom
Gregg L. Semenza,United States
Emmanuelle Charpentier,France
Jennifer Doudna,United States
Paul R. Milgrom,United States
Robert B. Wilson,United States
Louise Glück,United States
World Food Programme,(founded 1961)
Reinhard Genzel,Germany
Andrea Ghez,United States
Roger Penrose,United Kingdom
Harvey J. Alter,United States
Michael Houghton,United Kingdom
Charles M. Rice,United States
Benjamin List,Germany
David W.C. MacMillan,United Kingdom
Joshua Angrist,Israel
David Card,Canada
Guido W. Imbens,Netherlands
Abdulrazak Gurnah,Tanz.
Dmitry Muratov,Russia
Maria Ressa,Phillipines
Klaus Hasselmann,Germany
Manabe Syukuro,Japan
Giorgio Parisi,Italy
David Julius,United States
Ardem Patapoutian,United States
Carolyn R. Bertozzi,United States
Morten P. Meldal,Netherlands
Ben Bernanke,United States
Douglas Diamond,United States
Philip Dybvig,United States
Annie Ernaux,France
Ales Bialiatski,Belarus
Center for Civil Liberties,Ukraine
Memorial,Russia
Alain Aspect,France
John F. Clauser,United States
Anton Zeilinger,Austria
Svante Pääbo,Sweden
Moungi Bawendi,France
Louis Brus,United States
Alexei Ekimov,Russia
Claudia Goldin,United States
Jon Fosse,United States
Narges Mohammadi,Iran
Pierre Agostini,France
Ferenc Krausz,Hungary
Anne L'Huillier,France
Katalin Karikó,Hungary
Drew Weissman,United States
David Baker,United States
Demis Hassabis,United Kingdom
John M. Jumper,United States
Han Kang,South Korea
Nihon Hidankyo,Japan
John Hopfield,United States
Geoffrey Hinton,United Kingdom
Victor Ambros,United States
Gary Ruvkun,United States
